{"linkage":[[2.0,4.0,0.010085917071348524,2.0],[5.0,6.0,0.015446855461566752,2.0],[8.0,14.0,0.016124714547140186,3.0],[10.0,16.0,0.02033675025883523,4.0],[7.0,17.0,0.02130663785326241,5.0],[9.0,18.0,0.024476907109066574,6.0],[15.0,19.0,0.032289476373967715,8.0],[11.0,20.0,0.041159328132179346,9.0],[0.0,21.0,0.0646025359269969,10.0],[3.0,22.0,0.0743921889691152,11.0],[12.0,23.0,0.13866401054509123,12.0],[13.0,24.0,0.16042606979158888,13.0],[1.0,25.0,0.20931418480037836,14.0]],"genome_ids":["user_Acinetobacter_baylyi_ADP1_RAST","GB_GCA_002694305.1","RS_GCF_000046845.1","RS_GCF_000302115.1","RS_GCF_000368685.1","RS_GCF_000621045.1","RS_GCF_001485005.1","RS_GCF_010577805.1","RS_GCF_010577855.1","RS_GCF_010577875.1","RS_GCF_010577895.1","RS_GCF_010577925.1","RS_GCF_010577955.1","RS_GCF_900465415.1"],"leaf_order":["GB_GCA_002694305.1","RS_GCF_900465415.1","RS_GCF_010577955.1","RS_GCF_000302115.1","user_Acinetobacter_baylyi_ADP1_RAST","RS_GCF_010577925.1","RS_GCF_000621045.1","RS_GCF_001485005.1","RS_GCF_010577875.1","RS_GCF_010577805.1","RS_GCF_010577895.1","RS_GCF_010577855.1","RS_GCF_000046845.1","RS_GCF_000368685.1"],"user_genome_id":"user_Acinetobacter_baylyi_ADP1_RAST","genome_metadata":{"user_Acinetobacter_baylyi_ADP1_RAST":{"taxonomy":"Unknown","n_features":3235,"n_contigs":1,"ani_to_user":1.0},"GB_GCA_002694305.1":{"taxonomy":"d__Bacteria;p__Pseudomonadota;c__Gammaproteobacteria;o__Pseudomonadales;f__Moraxellaceae;g__Acinetobacter","n_features":3617,"n_contigs":168,"ani_to_user":null},"RS_GCF_000046845.1":{"taxonomy":"d__Bacteria;p__Pseudomonadota;c__Gammaproteobacteria;o__Pseudomonadales;f__Moraxellaceae;g__Acinetobacter","n_features":3273,"n_contigs":1,"ani_to_user":null},"RS_GCF_000302115.1":{"taxonomy":"d__Bacteria;p__Pseudomonadota;c__Gammaproteobacteria;o__Pseudomonadales;f__Moraxellaceae;g__Acinetobacter","n_features":3465,"n_contigs":95,"ani_to_user":null},"RS_GCF_000368685.1":{"taxonomy":"d__Bacteria;p__Pseudomonadota;c__Gammaproteobacteria;o__Pseudomonadales;f__Moraxellaceae;g__Acinetobacter","n_features":3275,"n_contigs":10,"ani_to_user":99.97},"RS_GCF_000621045.1":{"taxonomy":"d__Bacteria;p__Pseudomonadota;c__Gammaproteobacteria;o__Pseudomonadales;f__Moraxellaceae;g__Acinetobacter","n_features":3318,"n_contigs":27,"ani_to_user":null},"RS_GCF_001485005.1":{"taxonomy":"d__Bacteria;p__Pseudomonadota;c__Gammaproteobacteria;o__Pseudomonadales;f__Moraxellaceae;g__Acinetobacter","n_features":3311,"n_contigs":34,"ani_to_user":null},"RS_GCF_010577805.1":{"taxonomy":"d__Bacteria;p__Pseudomonadota;c__Gammaproteobacteria;o__Pseudomonadales;f__Moraxellaceae;g__Acinetobacter","n_features":3285,"n_contigs":73,"ani_to_user":null},"RS_GCF_010577855.1":{"taxonomy":"d__Bacteria;p__Pseudomonadota;c__Gammaproteobacteria;o__Pseudomonadales;f__Moraxellaceae;g__Acinetobacter","n_features":3276,"n_contigs":71,"ani_to_user":null},"RS_GCF_010577875.1":{"taxonomy":"d__Bacteria;p__Pseudomonadota;c__Gammaproteobacteria;o__Pseudomonadales;f__Moraxellaceae;g__Acinetobacter","n_features":3292,"n_contigs":90,"ani_to_user":null},"RS_GCF_010577895.1":{"taxonomy":"d__Bacteria;p__Pseudomonadota;c__Gammaproteobacteria;o__Pseudomonadales;f__Moraxellaceae;g__Acinetobacter","n_features":3279,"n_contigs":55,"ani_to_user":null},"RS_GCF_010577925.1":{"taxonomy":"d__Bacteria;p__Pseudomonadota;c__Gammaproteobacteria;o__Pseudomonadales;f__Moraxellaceae;g__Acinetobacter","n_features":3322,"n_contigs":92,"ani_to_user":null},"RS_GCF_010577955.1":{"taxonomy":"d__Bacteria;p__Pseudomonadota;c__Gammaproteobacteria;o__Pseudomonadales;f__Moraxellaceae;g__Acinetobacter","n_features":3617,"n_contigs":372,"ani_to_user":null},"RS_GCF_900465415.1":{"taxonomy":"d__Bacteria;p__Pseudomonadota;c__Gammaproteobacteria;o__Pseudomonadales;f__Moraxellaceae;g__Acinetobacter","n_features":3424,"n_contigs":8,"ani_to_user":null}},"genome_stats":{"user_Acinetobacter_baylyi_ADP1_RAST":{"n_genes":3235,"n_clusters":2538,"core_pct":0.9141},"GB_GCA_002694305.1":{"n_genes":3617,"n_clusters":3053,"core_pct":0.8203},"RS_GCF_000046845.1":{"n_genes":3273,"n_clusters":2658,"core_pct":0.92},"RS_GCF_000302115.1":{"n_genes":3465,"n_clusters":2821,"core_pct":0.8805},"RS_GCF_000368685.1":{"n_genes":3275,"n_clusters":2669,"core_pct":0.9191},"RS_GCF_000621045.1":{"n_genes":3318,"n_clusters":2700,"core_pct":0.9126},"RS_GCF_001485005.1":{"n_genes":3311,"n_clusters":2696,"core_pct":0.9139},"RS_GCF_010577805.1":{"n_genes":3285,"n_clusters":2688,"core_pct":0.9157},"RS_GCF_010577855.1":{"n_genes":3276,"n_clusters":2684,"core_pct":0.9179},"RS_GCF_010577875.1":{"n_genes":3292,"n_clusters":2698,"core_pct":0.9125},"RS_GCF_010577895.1":{"n_genes":3279,"n_clusters":2682,"core_pct":0.9174},"RS_GCF_010577925.1":{"n_genes":3322,"n_clusters":2731,"core_pct":0.9043},"RS_GCF_010577955.1":{"n_genes":3617,"n_clusters":3016,"core_pct":0.833},"RS_GCF_900465415.1":{"n_genes":3424,"n_clusters":2792,"core_pct":0.8846}},"stats":{"n_genomes":14,"n_clusters":2792,"n_reference":13,"max_distance":0.2824,"min_distance":0.0101}}